<annotation>
	<folder>Tower2</folder>
	<filename>0.jpg</filename>
	<path>/home/oli/Workspace/LeagueAI/Tower2/0001.jpg</path>
	<source>
		<database>Unknown</database>
	</source>
	<size>
		<width>1280</width>
		<height>1024</height>
		<depth>3</depth>
	</size>
	<segmented>0</segmented>
	<object>
		<name>Vayne</name>
		<pose>Unspecified</pose>
		<truncated>0</truncated>
		<difficult>0</difficult>
		<bndbox>
			<xmin>609</xmin>
			<ymin>638</ymin>
			<xmax>726</xmax>
			<ymax>800</ymax>
		</bndbox>
	</object>
	<object>
		<name>Tower</name>
		<pose>Unspecified</pose>
		<truncated>0</truncated>
		<difficult>0</difficult>
		<bndbox>
			<xmin>809</xmin>
			<ymin>93</ymin>
			<xmax>1026</xmax>
			<ymax>469</ymax>
		</bndbox>
	</object>
</annotation>