<annotation>
	<folder>EnemyMinion</folder>
	<filename>157.jpg</filename>
	<path>/home/oli/Workspace/LeagueAI/EnemyMinion/131.jpg</path>
	<source>
		<database>Unknown</database>
	</source>
	<size>
		<width>1280</width>
		<height>1024</height>
		<depth>3</depth>
	</size>
	<segmented>0</segmented>
	<object>
		<name>Vayne</name>
		<pose>Unspecified</pose>
		<truncated>0</truncated>
		<difficult>0</difficult>
		<bndbox>
			<xmin>207</xmin>
			<ymin>304</ymin>
			<xmax>293</xmax>
			<ymax>462</ymax>
		</bndbox>
	</object>
	<object>
		<name>EnemyMinion</name>
		<pose>Unspecified</pose>
		<truncated>0</truncated>
		<difficult>0</difficult>
		<bndbox>
			<xmin>674</xmin>
			<ymin>325</ymin>
			<xmax>834</xmax>
			<ymax>435</ymax>
		</bndbox>
	</object>
	<object>
		<name>EnemyMinion</name>
		<pose>Unspecified</pose>
		<truncated>0</truncated>
		<difficult>0</difficult>
		<bndbox>
			<xmin>624</xmin>
			<ymin>292</ymin>
			<xmax>693</xmax>
			<ymax>371</ymax>
		</bndbox>
	</object>
	<object>
		<name>EnemyMinion</name>
		<pose>Unspecified</pose>
		<truncated>0</truncated>
		<difficult>0</difficult>
		<bndbox>
			<xmin>542</xmin>
			<ymin>262</ymin>
			<xmax>623</xmax>
			<ymax>340</ymax>
		</bndbox>
	</object>
	<object>
		<name>EnemyMinion</name>
		<pose>Unspecified</pose>
		<truncated>0</truncated>
		<difficult>0</difficult>
		<bndbox>
			<xmin>608</xmin>
			<ymin>250</ymin>
			<xmax>683</xmax>
			<ymax>322</ymax>
		</bndbox>
	</object>
	<object>
		<name>EnemyMinion</name>
		<pose>Unspecified</pose>
		<truncated>0</truncated>
		<difficult>0</difficult>
		<bndbox>
			<xmin>758</xmin>
			<ymin>250</ymin>
			<xmax>849</xmax>
			<ymax>327</ymax>
		</bndbox>
	</object>
	<object>
		<name>EnemyMinion</name>
		<pose>Unspecified</pose>
		<truncated>0</truncated>
		<difficult>0</difficult>
		<bndbox>
			<xmin>735</xmin>
			<ymin>201</ymin>
			<xmax>819</xmax>
			<ymax>281</ymax>
		</bndbox>
	</object>
	<object>
		<name>EnemyMinion</name>
		<pose>Unspecified</pose>
		<truncated>0</truncated>
		<difficult>0</difficult>
		<bndbox>
			<xmin>721</xmin>
			<ymin>167</ymin>
			<xmax>798</xmax>
			<ymax>237</ymax>
		</bndbox>
	</object>
</annotation>