<annotation>
	<folder>Tower2</folder>
	<filename>16.jpg</filename>
	<path>/home/oli/Workspace/LeagueAI/Tower2/0019.jpg</path>
	<source>
		<database>Unknown</database>
	</source>
	<size>
		<width>1280</width>
		<height>1024</height>
		<depth>3</depth>
	</size>
	<segmented>0</segmented>
	<object>
		<name>Tower</name>
		<pose>Unspecified</pose>
		<truncated>0</truncated>
		<difficult>0</difficult>
		<bndbox>
			<xmin>692</xmin>
			<ymin>114</ymin>
			<xmax>912</xmax>
			<ymax>482</ymax>
		</bndbox>
	</object>
	<object>
		<name>Tower</name>
		<pose>Unspecified</pose>
		<truncated>0</truncated>
		<difficult>0</difficult>
		<bndbox>
			<xmin>442</xmin>
			<ymin>588</ymin>
			<xmax>560</xmax>
			<ymax>754</ymax>
		</bndbox>
	</object>
</annotation>