<annotation>
	<folder>EnemyMinion</folder>
	<filename>163.jpg</filename>
	<path>/home/oli/Workspace/LeagueAI/EnemyMinion/137.jpg</path>
	<source>
		<database>Unknown</database>
	</source>
	<size>
		<width>1280</width>
		<height>1024</height>
		<depth>3</depth>
	</size>
	<segmented>0</segmented>
	<object>
		<name>Vayne</name>
		<pose>Unspecified</pose>
		<truncated>0</truncated>
		<difficult>0</difficult>
		<bndbox>
			<xmin>595</xmin>
			<ymin>265</ymin>
			<xmax>667</xmax>
			<ymax>358</ymax>
		</bndbox>
	</object>
	<object>
		<name>Vayne</name>
		<pose>Unspecified</pose>
		<truncated>0</truncated>
		<difficult>0</difficult>
		<bndbox>
			<xmin>707</xmin>
			<ymin>192</ymin>
			<xmax>784</xmax>
			<ymax>276</ymax>
		</bndbox>
	</object>
	<object>
		<name>Vayne</name>
		<pose>Unspecified</pose>
		<truncated>0</truncated>
		<difficult>0</difficult>
		<bndbox>
			<xmin>802</xmin>
			<ymin>122</ymin>
			<xmax>883</xmax>
			<ymax>205</ymax>
		</bndbox>
	</object>
</annotation>