<annotation>
	<folder>EnemyMinion</folder>
	<filename>167.jpg</filename>
	<path>/home/oli/Workspace/LeagueAI/EnemyMinion/140.jpg</path>
	<source>
		<database>Unknown</database>
	</source>
	<size>
		<width>1280</width>
		<height>1024</height>
		<depth>3</depth>
	</size>
	<segmented>0</segmented>
	<object>
		<name>EnemyMinion</name>
		<pose>Unspecified</pose>
		<truncated>0</truncated>
		<difficult>0</difficult>
		<bndbox>
			<xmin>806</xmin>
			<ymin>318</ymin>
			<xmax>873</xmax>
			<ymax>392</ymax>
		</bndbox>
	</object>
	<object>
		<name>EnemyMinion</name>
		<pose>Unspecified</pose>
		<truncated>0</truncated>
		<difficult>0</difficult>
		<bndbox>
			<xmin>760</xmin>
			<ymin>279</ymin>
			<xmax>835</xmax>
			<ymax>355</ymax>
		</bndbox>
	</object>
	<object>
		<name>EnemyMinion</name>
		<pose>Unspecified</pose>
		<truncated>0</truncated>
		<difficult>0</difficult>
		<bndbox>
			<xmin>839</xmin>
			<ymin>265</ymin>
			<xmax>923</xmax>
			<ymax>342</ymax>
		</bndbox>
	</object>
	<object>
		<name>EnemyMinion</name>
		<pose>Unspecified</pose>
		<truncated>0</truncated>
		<difficult>0</difficult>
		<bndbox>
			<xmin>651</xmin>
			<ymin>539</ymin>
			<xmax>727</xmax>
			<ymax>628</ymax>
		</bndbox>
	</object>
	<object>
		<name>EnemyMinion</name>
		<pose>Unspecified</pose>
		<truncated>0</truncated>
		<difficult>0</difficult>
		<bndbox>
			<xmin>601</xmin>
			<ymin>500</ymin>
			<xmax>673</xmax>
			<ymax>595</ymax>
		</bndbox>
	</object>
	<object>
		<name>EnemyMinion</name>
		<pose>Unspecified</pose>
		<truncated>0</truncated>
		<difficult>0</difficult>
		<bndbox>
			<xmin>512</xmin>
			<ymin>443</ymin>
			<xmax>596</xmax>
			<ymax>518</ymax>
		</bndbox>
	</object>
</annotation>