<annotation>
	<folder>EnemyMinion</folder>
	<filename>178.jpg</filename>
	<path>/home/oli/Workspace/LeagueAI/EnemyMinion/150.jpg</path>
	<source>
		<database>Unknown</database>
	</source>
	<size>
		<width>1280</width>
		<height>1024</height>
		<depth>3</depth>
	</size>
	<segmented>0</segmented>
	<object>
		<name>EnemyMinion</name>
		<pose>Unspecified</pose>
		<truncated>0</truncated>
		<difficult>0</difficult>
		<bndbox>
			<xmin>887</xmin>
			<ymin>292</ymin>
			<xmax>960</xmax>
			<ymax>365</ymax>
		</bndbox>
	</object>
	<object>
		<name>EnemyMinion</name>
		<pose>Unspecified</pose>
		<truncated>0</truncated>
		<difficult>0</difficult>
		<bndbox>
			<xmin>853</xmin>
			<ymin>264</ymin>
			<xmax>930</xmax>
			<ymax>346</ymax>
		</bndbox>
	</object>
	<object>
		<name>EnemyMinion</name>
		<pose>Unspecified</pose>
		<truncated>0</truncated>
		<difficult>0</difficult>
		<bndbox>
			<xmin>793</xmin>
			<ymin>261</ymin>
			<xmax>864</xmax>
			<ymax>337</ymax>
		</bndbox>
	</object>
</annotation>