<annotation>
	<folder>EnemyMinion</folder>
	<filename>179.jpg</filename>
	<path>/home/oli/Workspace/LeagueAI/EnemyMinion/151.jpg</path>
	<source>
		<database>Unknown</database>
	</source>
	<size>
		<width>1280</width>
		<height>1024</height>
		<depth>3</depth>
	</size>
	<segmented>0</segmented>
	<object>
		<name>EnemyMinion</name>
		<pose>Unspecified</pose>
		<truncated>0</truncated>
		<difficult>0</difficult>
		<bndbox>
			<xmin>857</xmin>
			<ymin>303</ymin>
			<xmax>931</xmax>
			<ymax>382</ymax>
		</bndbox>
	</object>
	<object>
		<name>EnemyMinion</name>
		<pose>Unspecified</pose>
		<truncated>0</truncated>
		<difficult>0</difficult>
		<bndbox>
			<xmin>780</xmin>
			<ymin>266</ymin>
			<xmax>857</xmax>
			<ymax>342</ymax>
		</bndbox>
	</object>
	<object>
		<name>EnemyMinion</name>
		<pose>Unspecified</pose>
		<truncated>0</truncated>
		<difficult>0</difficult>
		<bndbox>
			<xmin>789</xmin>
			<ymin>224</ymin>
			<xmax>866</xmax>
			<ymax>303</ymax>
		</bndbox>
	</object>
</annotation>