<annotation>
	<folder>Tower2</folder>
	<filename>18.jpg</filename>
	<path>/home/oli/Workspace/LeagueAI/Tower2/0020.jpg</path>
	<source>
		<database>Unknown</database>
	</source>
	<size>
		<width>1280</width>
		<height>1024</height>
		<depth>3</depth>
	</size>
	<segmented>0</segmented>
	<object>
		<name>Tower</name>
		<pose>Unspecified</pose>
		<truncated>0</truncated>
		<difficult>0</difficult>
		<bndbox>
			<xmin>705</xmin>
			<ymin>105</ymin>
			<xmax>911</xmax>
			<ymax>484</ymax>
		</bndbox>
	</object>
	<object>
		<name>Vayne</name>
		<pose>Unspecified</pose>
		<truncated>0</truncated>
		<difficult>0</difficult>
		<bndbox>
			<xmin>721</xmin>
			<ymin>575</ymin>
			<xmax>851</xmax>
			<ymax>727</ymax>
		</bndbox>
	</object>
	<object>
		<name>EnemyMinion</name>
		<pose>Unspecified</pose>
		<truncated>0</truncated>
		<difficult>0</difficult>
		<bndbox>
			<xmin>921</xmin>
			<ymin>42</ymin>
			<xmax>1002</xmax>
			<ymax>129</ymax>
		</bndbox>
	</object>
</annotation>