<annotation>
	<folder>EnemyMinion</folder>
	<filename>180.jpg</filename>
	<path>/home/oli/Workspace/LeagueAI/EnemyMinion/152.jpg</path>
	<source>
		<database>Unknown</database>
	</source>
	<size>
		<width>1280</width>
		<height>1024</height>
		<depth>3</depth>
	</size>
	<segmented>0</segmented>
	<object>
		<name>EnemyMinion</name>
		<pose>Unspecified</pose>
		<truncated>0</truncated>
		<difficult>0</difficult>
		<bndbox>
			<xmin>850</xmin>
			<ymin>304</ymin>
			<xmax>930</xmax>
			<ymax>387</ymax>
		</bndbox>
	</object>
	<object>
		<name>EnemyMinion</name>
		<pose>Unspecified</pose>
		<truncated>0</truncated>
		<difficult>0</difficult>
		<bndbox>
			<xmin>782</xmin>
			<ymin>265</ymin>
			<xmax>857</xmax>
			<ymax>350</ymax>
		</bndbox>
	</object>
	<object>
		<name>EnemyMinion</name>
		<pose>Unspecified</pose>
		<truncated>0</truncated>
		<difficult>0</difficult>
		<bndbox>
			<xmin>790</xmin>
			<ymin>224</ymin>
			<xmax>866</xmax>
			<ymax>301</ymax>
		</bndbox>
	</object>
</annotation>