<annotation>
	<folder>EnemyMinion</folder>
	<filename>181.jpg</filename>
	<path>/home/oli/Workspace/LeagueAI/EnemyMinion/153.jpg</path>
	<source>
		<database>Unknown</database>
	</source>
	<size>
		<width>1280</width>
		<height>1024</height>
		<depth>3</depth>
	</size>
	<segmented>0</segmented>
	<object>
		<name>EnemyMinion</name>
		<pose>Unspecified</pose>
		<truncated>0</truncated>
		<difficult>0</difficult>
		<bndbox>
			<xmin>845</xmin>
			<ymin>304</ymin>
			<xmax>933</xmax>
			<ymax>387</ymax>
		</bndbox>
	</object>
	<object>
		<name>EnemyMinion</name>
		<pose>Unspecified</pose>
		<truncated>0</truncated>
		<difficult>0</difficult>
		<bndbox>
			<xmin>774</xmin>
			<ymin>266</ymin>
			<xmax>858</xmax>
			<ymax>349</ymax>
		</bndbox>
	</object>
	<object>
		<name>EnemyMinion</name>
		<pose>Unspecified</pose>
		<truncated>0</truncated>
		<difficult>0</difficult>
		<bndbox>
			<xmin>794</xmin>
			<ymin>223</ymin>
			<xmax>864</xmax>
			<ymax>299</ymax>
		</bndbox>
	</object>
</annotation>