<annotation>
	<folder>EnemyMinion</folder>
	<filename>182.jpg</filename>
	<path>/home/oli/Workspace/LeagueAI/EnemyMinion/154.jpg</path>
	<source>
		<database>Unknown</database>
	</source>
	<size>
		<width>1280</width>
		<height>1024</height>
		<depth>3</depth>
	</size>
	<segmented>0</segmented>
	<object>
		<name>EnemyMinion</name>
		<pose>Unspecified</pose>
		<truncated>0</truncated>
		<difficult>0</difficult>
		<bndbox>
			<xmin>350</xmin>
			<ymin>304</ymin>
			<xmax>418</xmax>
			<ymax>389</ymax>
		</bndbox>
	</object>
	<object>
		<name>EnemyMinion</name>
		<pose>Unspecified</pose>
		<truncated>0</truncated>
		<difficult>0</difficult>
		<bndbox>
			<xmin>286</xmin>
			<ymin>266</ymin>
			<xmax>355</xmax>
			<ymax>353</ymax>
		</bndbox>
	</object>
	<object>
		<name>EnemyMinion</name>
		<pose>Unspecified</pose>
		<truncated>0</truncated>
		<difficult>0</difficult>
		<bndbox>
			<xmin>309</xmin>
			<ymin>225</ymin>
			<xmax>379</xmax>
			<ymax>297</ymax>
		</bndbox>
	</object>
</annotation>