<annotation>
	<folder>EnemyMinion</folder>
	<filename>204.jpg</filename>
	<path>/home/oli/Workspace/LeagueAI/EnemyMinion/174.jpg</path>
	<source>
		<database>Unknown</database>
	</source>
	<size>
		<width>1280</width>
		<height>1024</height>
		<depth>3</depth>
	</size>
	<segmented>0</segmented>
	<object>
		<name>EnemyMinion</name>
		<pose>Unspecified</pose>
		<truncated>0</truncated>
		<difficult>0</difficult>
		<bndbox>
			<xmin>797</xmin>
			<ymin>698</ymin>
			<xmax>892</xmax>
			<ymax>793</ymax>
		</bndbox>
	</object>
	<object>
		<name>EnemyMinion</name>
		<pose>Unspecified</pose>
		<truncated>0</truncated>
		<difficult>0</difficult>
		<bndbox>
			<xmin>878</xmin>
			<ymin>656</ymin>
			<xmax>956</xmax>
			<ymax>753</ymax>
		</bndbox>
	</object>
	<object>
		<name>EnemyMinion</name>
		<pose>Unspecified</pose>
		<truncated>0</truncated>
		<difficult>0</difficult>
		<bndbox>
			<xmin>770</xmin>
			<ymin>638</ymin>
			<xmax>856</xmax>
			<ymax>739</ymax>
		</bndbox>
	</object>
</annotation>