<annotation>
	<folder>Tower2</folder>
	<filename>22.jpg</filename>
	<path>/home/oli/Workspace/LeagueAI/Tower2/0024.jpg</path>
	<source>
		<database>Unknown</database>
	</source>
	<size>
		<width>1280</width>
		<height>1024</height>
		<depth>3</depth>
	</size>
	<segmented>0</segmented>
	<object>
		<name>EnemyMinion</name>
		<pose>Unspecified</pose>
		<truncated>0</truncated>
		<difficult>0</difficult>
		<bndbox>
			<xmin>513</xmin>
			<ymin>525</ymin>
			<xmax>584</xmax>
			<ymax>616</ymax>
		</bndbox>
	</object>
	<object>
		<name>EnemyMinion</name>
		<pose>Unspecified</pose>
		<truncated>0</truncated>
		<difficult>0</difficult>
		<bndbox>
			<xmin>562</xmin>
			<ymin>570</ymin>
			<xmax>650</xmax>
			<ymax>659</ymax>
		</bndbox>
	</object>
	<object>
		<name>EnemyMinion</name>
		<pose>Unspecified</pose>
		<truncated>0</truncated>
		<difficult>0</difficult>
		<bndbox>
			<xmin>730</xmin>
			<ymin>455</ymin>
			<xmax>809</xmax>
			<ymax>530</ymax>
		</bndbox>
	</object>
	<object>
		<name>EnemyMinion</name>
		<pose>Unspecified</pose>
		<truncated>0</truncated>
		<difficult>0</difficult>
		<bndbox>
			<xmin>935</xmin>
			<ymin>431</ymin>
			<xmax>1023</xmax>
			<ymax>520</ymax>
		</bndbox>
	</object>
	<object>
		<name>EnemyMinion</name>
		<pose>Unspecified</pose>
		<truncated>0</truncated>
		<difficult>0</difficult>
		<bndbox>
			<xmin>882</xmin>
			<ymin>399</ymin>
			<xmax>953</xmax>
			<ymax>494</ymax>
		</bndbox>
	</object>
	<object>
		<name>Tower</name>
		<pose>Unspecified</pose>
		<truncated>0</truncated>
		<difficult>0</difficult>
		<bndbox>
			<xmin>604</xmin>
			<ymin>51</ymin>
			<xmax>807</xmax>
			<ymax>416</ymax>
		</bndbox>
	</object>
	<object>
		<name>Vayne</name>
		<pose>Unspecified</pose>
		<truncated>0</truncated>
		<difficult>0</difficult>
		<bndbox>
			<xmin>724</xmin>
			<ymin>681</ymin>
			<xmax>838</xmax>
			<ymax>830</ymax>
		</bndbox>
	</object>
</annotation>