<annotation>
	<folder>EnemyMinion</folder>
	<filename>225.jpg</filename>
	<path>/home/oli/Workspace/LeagueAI/EnemyMinion/193.jpg</path>
	<source>
		<database>Unknown</database>
	</source>
	<size>
		<width>1280</width>
		<height>1024</height>
		<depth>3</depth>
	</size>
	<segmented>0</segmented>
	<object>
		<name>EnemyMinion</name>
		<pose>Unspecified</pose>
		<truncated>0</truncated>
		<difficult>0</difficult>
		<bndbox>
			<xmin>870</xmin>
			<ymin>271</ymin>
			<xmax>975</xmax>
			<ymax>345</ymax>
		</bndbox>
	</object>
	<object>
		<name>EnemyMinion</name>
		<pose>Unspecified</pose>
		<truncated>0</truncated>
		<difficult>0</difficult>
		<bndbox>
			<xmin>835</xmin>
			<ymin>188</ymin>
			<xmax>903</xmax>
			<ymax>271</ymax>
		</bndbox>
	</object>
	<object>
		<name>EnemyMinion</name>
		<pose>Unspecified</pose>
		<truncated>0</truncated>
		<difficult>0</difficult>
		<bndbox>
			<xmin>777</xmin>
			<ymin>173</ymin>
			<xmax>842</xmax>
			<ymax>231</ymax>
		</bndbox>
	</object>
</annotation>