<annotation>
	<folder>images</folder>
	<filename>238.jpg</filename>
	<path>/home/oli/Workspace/LeagueAI/Object-Detection/images/204.jpg</path>
	<source>
		<database>Unknown</database>
	</source>
	<size>
		<width>1280</width>
		<height>1024</height>
		<depth>3</depth>
	</size>
	<segmented>0</segmented>
	<object>
		<name>Vayne</name>
		<pose>Unspecified</pose>
		<truncated>0</truncated>
		<difficult>0</difficult>
		<bndbox>
			<xmin>506</xmin>
			<ymin>247</ymin>
			<xmax>699</xmax>
			<ymax>536</ymax>
		</bndbox>
	</object>
	<object>
		<name>EnemyMinion</name>
		<pose>Unspecified</pose>
		<truncated>0</truncated>
		<difficult>0</difficult>
		<bndbox>
			<xmin>969</xmin>
			<ymin>93</ymin>
			<xmax>1111</xmax>
			<ymax>221</ymax>
		</bndbox>
	</object>
</annotation>