<annotation>
	<folder>Tower2</folder>
	<filename>24.jpg</filename>
	<path>/home/oli/Workspace/LeagueAI/Tower2/0026.jpg</path>
	<source>
		<database>Unknown</database>
	</source>
	<size>
		<width>1280</width>
		<height>1024</height>
		<depth>3</depth>
	</size>
	<segmented>0</segmented>
	<object>
		<name>Tower</name>
		<pose>Unspecified</pose>
		<truncated>0</truncated>
		<difficult>0</difficult>
		<bndbox>
			<xmin>599</xmin>
			<ymin>61</ymin>
			<xmax>808</xmax>
			<ymax>421</ymax>
		</bndbox>
	</object>
	<object>
		<name>Vayne</name>
		<pose>Unspecified</pose>
		<truncated>0</truncated>
		<difficult>0</difficult>
		<bndbox>
			<xmin>747</xmin>
			<ymin>675</ymin>
			<xmax>878</xmax>
			<ymax>835</ymax>
		</bndbox>
	</object>
	<object>
		<name>EnemyMinion</name>
		<pose>Unspecified</pose>
		<truncated>0</truncated>
		<difficult>0</difficult>
		<bndbox>
			<xmin>490</xmin>
			<ymin>527</ymin>
			<xmax>577</xmax>
			<ymax>617</ymax>
		</bndbox>
	</object>
	<object>
		<name>EnemyMinion</name>
		<pose>Unspecified</pose>
		<truncated>0</truncated>
		<difficult>0</difficult>
		<bndbox>
			<xmin>692</xmin>
			<ymin>468</ymin>
			<xmax>803</xmax>
			<ymax>545</ymax>
		</bndbox>
	</object>
	<object>
		<name>EnemyMinion</name>
		<pose>Unspecified</pose>
		<truncated>0</truncated>
		<difficult>0</difficult>
		<bndbox>
			<xmin>899</xmin>
			<ymin>454</ymin>
			<xmax>982</xmax>
			<ymax>552</ymax>
		</bndbox>
	</object>
	<object>
		<name>EnemyMinion</name>
		<pose>Unspecified</pose>
		<truncated>0</truncated>
		<difficult>0</difficult>
		<bndbox>
			<xmin>872</xmin>
			<ymin>389</ymin>
			<xmax>955</xmax>
			<ymax>473</ymax>
		</bndbox>
	</object>
	<object>
		<name>EnemyMinion</name>
		<pose>Unspecified</pose>
		<truncated>0</truncated>
		<difficult>0</difficult>
		<bndbox>
			<xmin>708</xmin>
			<ymin>685</ymin>
			<xmax>777</xmax>
			<ymax>757</ymax>
		</bndbox>
	</object>
</annotation>