<annotation>
	<folder>images</folder>
	<filename>247.jpg</filename>
	<path>/home/oli/Workspace/LeagueAI/Object-Detection/images/212.jpg</path>
	<source>
		<database>Unknown</database>
	</source>
	<size>
		<width>1280</width>
		<height>1024</height>
		<depth>3</depth>
	</size>
	<segmented>0</segmented>
	<object>
		<name>Vayne</name>
		<pose>Unspecified</pose>
		<truncated>0</truncated>
		<difficult>0</difficult>
		<bndbox>
			<xmin>500</xmin>
			<ymin>299</ymin>
			<xmax>745</xmax>
			<ymax>503</ymax>
		</bndbox>
	</object>
	<object>
		<name>EnemyMinion</name>
		<pose>Unspecified</pose>
		<truncated>0</truncated>
		<difficult>0</difficult>
		<bndbox>
			<xmin>1054</xmin>
			<ymin>96</ymin>
			<xmax>1193</xmax>
			<ymax>247</ymax>
		</bndbox>
	</object>
</annotation>