<annotation>
	<folder>images</folder>
	<filename>269.jpg</filename>
	<path>/home/oli/Workspace/LeagueAI/Object-Detection/images/232.jpg</path>
	<source>
		<database>Unknown</database>
	</source>
	<size>
		<width>1280</width>
		<height>1024</height>
		<depth>3</depth>
	</size>
	<segmented>0</segmented>
	<object>
		<name>Vayne</name>
		<pose>Unspecified</pose>
		<truncated>0</truncated>
		<difficult>0</difficult>
		<bndbox>
			<xmin>587</xmin>
			<ymin>366</ymin>
			<xmax>662</xmax>
			<ymax>517</ymax>
		</bndbox>
	</object>
	<object>
		<name>EnemyMinion</name>
		<pose>Unspecified</pose>
		<truncated>0</truncated>
		<difficult>0</difficult>
		<bndbox>
			<xmin>856</xmin>
			<ymin>28</ymin>
			<xmax>940</xmax>
			<ymax>115</ymax>
		</bndbox>
	</object>
</annotation>