<annotation>
	<folder>images</folder>
	<filename>280.jpg</filename>
	<path>/home/oli/Workspace/LeagueAI/Object-Detection/images/242.jpg</path>
	<source>
		<database>Unknown</database>
	</source>
	<size>
		<width>1280</width>
		<height>1024</height>
		<depth>3</depth>
	</size>
	<segmented>0</segmented>
	<object>
		<name>Vayne</name>
		<pose>Unspecified</pose>
		<truncated>0</truncated>
		<difficult>0</difficult>
		<bndbox>
			<xmin>471</xmin>
			<ymin>373</ymin>
			<xmax>595</xmax>
			<ymax>494</ymax>
		</bndbox>
	</object>
	<object>
		<name>EnemyMinion</name>
		<pose>Unspecified</pose>
		<truncated>0</truncated>
		<difficult>0</difficult>
		<bndbox>
			<xmin>735</xmin>
			<ymin>297</ymin>
			<xmax>818</xmax>
			<ymax>365</ymax>
		</bndbox>
	</object>
	<object>
		<name>EnemyMinion</name>
		<pose>Unspecified</pose>
		<truncated>0</truncated>
		<difficult>0</difficult>
		<bndbox>
			<xmin>807</xmin>
			<ymin>261</ymin>
			<xmax>886</xmax>
			<ymax>332</ymax>
		</bndbox>
	</object>
</annotation>