<annotation>
	<folder>images</folder>
	<filename>281.jpg</filename>
	<path>/home/oli/Workspace/LeagueAI/Object-Detection/images/243.jpg</path>
	<source>
		<database>Unknown</database>
	</source>
	<size>
		<width>1280</width>
		<height>1024</height>
		<depth>3</depth>
	</size>
	<segmented>0</segmented>
	<object>
		<name>Vayne</name>
		<pose>Unspecified</pose>
		<truncated>0</truncated>
		<difficult>0</difficult>
		<bndbox>
			<xmin>489</xmin>
			<ymin>390</ymin>
			<xmax>615</xmax>
			<ymax>502</ymax>
		</bndbox>
	</object>
	<object>
		<name>EnemyMinion</name>
		<pose>Unspecified</pose>
		<truncated>0</truncated>
		<difficult>0</difficult>
		<bndbox>
			<xmin>776</xmin>
			<ymin>254</ymin>
			<xmax>858</xmax>
			<ymax>322</ymax>
		</bndbox>
	</object>
</annotation>