<annotation>
	<folder>images</folder>
	<filename>282.jpg</filename>
	<path>/home/oli/Workspace/LeagueAI/Object-Detection/images/244.jpg</path>
	<source>
		<database>Unknown</database>
	</source>
	<size>
		<width>1280</width>
		<height>1024</height>
		<depth>3</depth>
	</size>
	<segmented>0</segmented>
	<object>
		<name>Vayne</name>
		<pose>Unspecified</pose>
		<truncated>0</truncated>
		<difficult>0</difficult>
		<bndbox>
			<xmin>498</xmin>
			<ymin>375</ymin>
			<xmax>592</xmax>
			<ymax>524</ymax>
		</bndbox>
	</object>
	<object>
		<name>EnemyMinion</name>
		<pose>Unspecified</pose>
		<truncated>0</truncated>
		<difficult>0</difficult>
		<bndbox>
			<xmin>758</xmin>
			<ymin>246</ymin>
			<xmax>841</xmax>
			<ymax>335</ymax>
		</bndbox>
	</object>
</annotation>