<annotation>
	<folder>images</folder>
	<filename>283.jpg</filename>
	<path>/home/oli/Workspace/LeagueAI/Object-Detection/images/245.jpg</path>
	<source>
		<database>Unknown</database>
	</source>
	<size>
		<width>1280</width>
		<height>1024</height>
		<depth>3</depth>
	</size>
	<segmented>0</segmented>
	<object>
		<name>Vayne</name>
		<pose>Unspecified</pose>
		<truncated>0</truncated>
		<difficult>0</difficult>
		<bndbox>
			<xmin>490</xmin>
			<ymin>372</ymin>
			<xmax>617</xmax>
			<ymax>503</ymax>
		</bndbox>
	</object>
	<object>
		<name>EnemyMinion</name>
		<pose>Unspecified</pose>
		<truncated>0</truncated>
		<difficult>0</difficult>
		<bndbox>
			<xmin>708</xmin>
			<ymin>239</ymin>
			<xmax>792</xmax>
			<ymax>319</ymax>
		</bndbox>
	</object>
</annotation>