<annotation>
	<folder>EnemyMinion</folder>
	<filename>36.jpg</filename>
	<path>/home/oli/Workspace/LeagueAI/EnemyMinion/013.jpg</path>
	<source>
		<database>Unknown</database>
	</source>
	<size>
		<width>1280</width>
		<height>1024</height>
		<depth>3</depth>
	</size>
	<segmented>0</segmented>
	<object>
		<name>EnemyMinion</name>
		<pose>Unspecified</pose>
		<truncated>0</truncated>
		<difficult>0</difficult>
		<bndbox>
			<xmin>372</xmin>
			<ymin>518</ymin>
			<xmax>480</xmax>
			<ymax>618</ymax>
		</bndbox>
	</object>
	<object>
		<name>EnemyMinion</name>
		<pose>Unspecified</pose>
		<truncated>0</truncated>
		<difficult>0</difficult>
		<bndbox>
			<xmin>395</xmin>
			<ymin>594</ymin>
			<xmax>493</xmax>
			<ymax>680</ymax>
		</bndbox>
	</object>
	<object>
		<name>EnemyMinion</name>
		<pose>Unspecified</pose>
		<truncated>0</truncated>
		<difficult>0</difficult>
		<bndbox>
			<xmin>751</xmin>
			<ymin>432</ymin>
			<xmax>839</xmax>
			<ymax>519</ymax>
		</bndbox>
	</object>
	<object>
		<name>EnemyMinion</name>
		<pose>Unspecified</pose>
		<truncated>0</truncated>
		<difficult>0</difficult>
		<bndbox>
			<xmin>632</xmin>
			<ymin>343</ymin>
			<xmax>716</xmax>
			<ymax>424</ymax>
		</bndbox>
	</object>
	<object>
		<name>EnemyMinion</name>
		<pose>Unspecified</pose>
		<truncated>0</truncated>
		<difficult>0</difficult>
		<bndbox>
			<xmin>555</xmin>
			<ymin>334</ymin>
			<xmax>631</xmax>
			<ymax>423</ymax>
		</bndbox>
	</object>
	<object>
		<name>EnemyMinion</name>
		<pose>Unspecified</pose>
		<truncated>0</truncated>
		<difficult>0</difficult>
		<bndbox>
			<xmin>583</xmin>
			<ymin>291</ymin>
			<xmax>654</xmax>
			<ymax>365</ymax>
		</bndbox>
	</object>
	<object>
		<name>EnemyMinion</name>
		<pose>Unspecified</pose>
		<truncated>0</truncated>
		<difficult>0</difficult>
		<bndbox>
			<xmin>653</xmin>
			<ymin>309</ymin>
			<xmax>734</xmax>
			<ymax>372</ymax>
		</bndbox>
	</object>
	<object>
		<name>EnemyMinion</name>
		<pose>Unspecified</pose>
		<truncated>0</truncated>
		<difficult>0</difficult>
		<bndbox>
			<xmin>638</xmin>
			<ymin>267</ymin>
			<xmax>718</xmax>
			<ymax>335</ymax>
		</bndbox>
	</object>
</annotation>