<annotation>
	<folder>Tower2</folder>
	<filename>4.jpg</filename>
	<path>/home/oli/Workspace/LeagueAI/Tower2/0005.jpg</path>
	<source>
		<database>Unknown</database>
	</source>
	<size>
		<width>1280</width>
		<height>1024</height>
		<depth>3</depth>
	</size>
	<segmented>0</segmented>
	<object>
		<name>Tower</name>
		<pose>Unspecified</pose>
		<truncated>0</truncated>
		<difficult>0</difficult>
		<bndbox>
			<xmin>844</xmin>
			<ymin>36</ymin>
			<xmax>1065</xmax>
			<ymax>414</ymax>
		</bndbox>
	</object>
	<object>
		<name>Vayne</name>
		<pose>Unspecified</pose>
		<truncated>0</truncated>
		<difficult>0</difficult>
		<bndbox>
			<xmin>686</xmin>
			<ymin>408</ymin>
			<xmax>818</xmax>
			<ymax>575</ymax>
		</bndbox>
	</object>
</annotation>