<annotation>
	<folder>Vayne</folder>
	<filename>408.jpg</filename>
	<path>/home/oli/Workspace/LeagueAI/Vayne/358.jpg</path>
	<source>
		<database>Unknown</database>
	</source>
	<size>
		<width>1280</width>
		<height>1024</height>
		<depth>3</depth>
	</size>
	<segmented>0</segmented>
	<object>
		<name>Vayne</name>
		<pose>Unspecified</pose>
		<truncated>0</truncated>
		<difficult>0</difficult>
		<bndbox>
			<xmin>624</xmin>
			<ymin>397</ymin>
			<xmax>753</xmax>
			<ymax>525</ymax>
		</bndbox>
	</object>
</annotation>