<annotation>
	<folder>Vayne</folder>
	<filename>412.jpg</filename>
	<path>/home/oli/Workspace/LeagueAI/Vayne/37.jpg</path>
	<source>
		<database>Unknown</database>
	</source>
	<size>
		<width>1280</width>
		<height>1024</height>
		<depth>3</depth>
	</size>
	<segmented>0</segmented>
	<object>
		<name>Vayne</name>
		<pose>Unspecified</pose>
		<truncated>0</truncated>
		<difficult>0</difficult>
		<bndbox>
			<xmin>523</xmin>
			<ymin>520</ymin>
			<xmax>657</xmax>
			<ymax>679</ymax>
		</bndbox>
	</object>
</annotation>