<annotation>
	<folder>Vayne</folder>
	<filename>454.jpg</filename>
	<path>/home/oli/Workspace/LeagueAI/Vayne/75.jpg</path>
	<source>
		<database>Unknown</database>
	</source>
	<size>
		<width>1280</width>
		<height>1024</height>
		<depth>3</depth>
	</size>
	<segmented>0</segmented>
	<object>
		<name>Vayne</name>
		<pose>Unspecified</pose>
		<truncated>0</truncated>
		<difficult>0</difficult>
		<bndbox>
			<xmin>475</xmin>
			<ymin>230</ymin>
			<xmax>626</xmax>
			<ymax>402</ymax>
		</bndbox>
	</object>
</annotation>