<annotation>
	<folder>images</folder>
	<filename>468.jpg</filename>
	<path>/home/oli/Workspace/LeagueAI/Object-Detection/images/88.jpg</path>
	<source>
		<database>Unknown</database>
	</source>
	<size>
		<width>1280</width>
		<height>1024</height>
		<depth>3</depth>
	</size>
	<segmented>0</segmented>
	<object>
		<name>Vayne</name>
		<pose>Unspecified</pose>
		<truncated>0</truncated>
		<difficult>0</difficult>
		<bndbox>
			<xmin>336</xmin>
			<ymin>235</ymin>
			<xmax>502</xmax>
			<ymax>418</ymax>
		</bndbox>
	</object>
	<object>
		<name>EnemyMinion</name>
		<pose>Unspecified</pose>
		<truncated>0</truncated>
		<difficult>0</difficult>
		<bndbox>
			<xmin>986</xmin>
			<ymin>30</ymin>
			<xmax>1071</xmax>
			<ymax>129</ymax>
		</bndbox>
	</object>
</annotation>