<annotation>
	<folder>images</folder>
	<filename>469.jpg</filename>
	<path>/home/oli/Workspace/LeagueAI/Object-Detection/images/89.jpg</path>
	<source>
		<database>Unknown</database>
	</source>
	<size>
		<width>1280</width>
		<height>1024</height>
		<depth>3</depth>
	</size>
	<segmented>0</segmented>
	<object>
		<name>Vayne</name>
		<pose>Unspecified</pose>
		<truncated>0</truncated>
		<difficult>0</difficult>
		<bndbox>
			<xmin>611</xmin>
			<ymin>132</ymin>
			<xmax>762</xmax>
			<ymax>287</ymax>
		</bndbox>
	</object>
	<object>
		<name>EnemyMinion</name>
		<pose>Unspecified</pose>
		<truncated>0</truncated>
		<difficult>0</difficult>
		<bndbox>
			<xmin>1115</xmin>
			<ymin>24</ymin>
			<xmax>1184</xmax>
			<ymax>102</ymax>
		</bndbox>
	</object>
</annotation>