<annotation>
	<folder>images</folder>
	<filename>471.jpg</filename>
	<path>/home/oli/Workspace/LeagueAI/Object-Detection/images/90.jpg</path>
	<source>
		<database>Unknown</database>
	</source>
	<size>
		<width>1280</width>
		<height>1024</height>
		<depth>3</depth>
	</size>
	<segmented>0</segmented>
	<object>
		<name>Vayne</name>
		<pose>Unspecified</pose>
		<truncated>0</truncated>
		<difficult>0</difficult>
		<bndbox>
			<xmin>509</xmin>
			<ymin>197</ymin>
			<xmax>669</xmax>
			<ymax>370</ymax>
		</bndbox>
	</object>
	<object>
		<name>EnemyMinion</name>
		<pose>Unspecified</pose>
		<truncated>0</truncated>
		<difficult>0</difficult>
		<bndbox>
			<xmin>1012</xmin>
			<ymin>49</ymin>
			<xmax>1129</xmax>
			<ymax>175</ymax>
		</bndbox>
	</object>
</annotation>