<annotation>
	<folder>images</folder>
	<filename>474.jpg</filename>
	<path>/home/oli/Workspace/LeagueAI/Object-Detection/images/93.jpg</path>
	<source>
		<database>Unknown</database>
	</source>
	<size>
		<width>1280</width>
		<height>1024</height>
		<depth>3</depth>
	</size>
	<segmented>0</segmented>
	<object>
		<name>Vayne</name>
		<pose>Unspecified</pose>
		<truncated>0</truncated>
		<difficult>0</difficult>
		<bndbox>
			<xmin>415</xmin>
			<ymin>141</ymin>
			<xmax>536</xmax>
			<ymax>333</ymax>
		</bndbox>
	</object>
	<object>
		<name>EnemyMinion</name>
		<pose>Unspecified</pose>
		<truncated>0</truncated>
		<difficult>0</difficult>
		<bndbox>
			<xmin>675</xmin>
			<ymin>118</ymin>
			<xmax>762</xmax>
			<ymax>233</ymax>
		</bndbox>
	</object>
	<object>
		<name>EnemyMinion</name>
		<pose>Unspecified</pose>
		<truncated>0</truncated>
		<difficult>0</difficult>
		<bndbox>
			<xmin>821</xmin>
			<ymin>47</ymin>
			<xmax>923</xmax>
			<ymax>163</ymax>
		</bndbox>
	</object>
</annotation>