<annotation>
	<folder>images</folder>
	<filename>475.jpg</filename>
	<path>/home/oli/Workspace/LeagueAI/Object-Detection/images/94.jpg</path>
	<source>
		<database>Unknown</database>
	</source>
	<size>
		<width>1280</width>
		<height>1024</height>
		<depth>3</depth>
	</size>
	<segmented>0</segmented>
	<object>
		<name>Vayne</name>
		<pose>Unspecified</pose>
		<truncated>0</truncated>
		<difficult>0</difficult>
		<bndbox>
			<xmin>398</xmin>
			<ymin>149</ymin>
			<xmax>520</xmax>
			<ymax>352</ymax>
		</bndbox>
	</object>
	<object>
		<name>EnemyMinion</name>
		<pose>Unspecified</pose>
		<truncated>0</truncated>
		<difficult>0</difficult>
		<bndbox>
			<xmin>620</xmin>
			<ymin>112</ymin>
			<xmax>732</xmax>
			<ymax>233</ymax>
		</bndbox>
	</object>
	<object>
		<name>EnemyMinion</name>
		<pose>Unspecified</pose>
		<truncated>0</truncated>
		<difficult>0</difficult>
		<bndbox>
			<xmin>784</xmin>
			<ymin>41</ymin>
			<xmax>884</xmax>
			<ymax>155</ymax>
		</bndbox>
	</object>
</annotation>