<annotation>
	<folder>Tower2</folder>
	<filename>5.jpg</filename>
	<path>/home/oli/Workspace/LeagueAI/Tower2/0006.jpg</path>
	<source>
		<database>Unknown</database>
	</source>
	<size>
		<width>1280</width>
		<height>1024</height>
		<depth>3</depth>
	</size>
	<segmented>0</segmented>
	<object>
		<name>Vayne</name>
		<pose>Unspecified</pose>
		<truncated>0</truncated>
		<difficult>0</difficult>
		<bndbox>
			<xmin>650</xmin>
			<ymin>312</ymin>
			<xmax>765</xmax>
			<ymax>466</ymax>
		</bndbox>
	</object>
	<object>
		<name>Tower</name>
		<pose>Unspecified</pose>
		<truncated>0</truncated>
		<difficult>0</difficult>
		<bndbox>
			<xmin>842</xmin>
			<ymin>36</ymin>
			<xmax>1075</xmax>
			<ymax>414</ymax>
		</bndbox>
	</object>
</annotation>