<annotation>
	<folder>Tower2</folder>
	<filename>6.jpg</filename>
	<path>/home/oli/Workspace/LeagueAI/Tower2/0007.jpg</path>
	<source>
		<database>Unknown</database>
	</source>
	<size>
		<width>1280</width>
		<height>1024</height>
		<depth>3</depth>
	</size>
	<segmented>0</segmented>
	<object>
		<name>Tower</name>
		<pose>Unspecified</pose>
		<truncated>0</truncated>
		<difficult>0</difficult>
		<bndbox>
			<xmin>835</xmin>
			<ymin>42</ymin>
			<xmax>1063</xmax>
			<ymax>409</ymax>
		</bndbox>
	</object>
	<object>
		<name>Vayne</name>
		<pose>Unspecified</pose>
		<truncated>0</truncated>
		<difficult>0</difficult>
		<bndbox>
			<xmin>532</xmin>
			<ymin>203</ymin>
			<xmax>660</xmax>
			<ymax>344</ymax>
		</bndbox>
	</object>
</annotation>