<annotation>
	<folder>EnemyMinion</folder>
	<filename>66.jpg</filename>
	<path>/home/oli/Workspace/LeagueAI/EnemyMinion/043.jpg</path>
	<source>
		<database>Unknown</database>
	</source>
	<size>
		<width>1280</width>
		<height>1024</height>
		<depth>3</depth>
	</size>
	<segmented>0</segmented>
	<object>
		<name>EnemyMinion</name>
		<pose>Unspecified</pose>
		<truncated>0</truncated>
		<difficult>0</difficult>
		<bndbox>
			<xmin>256</xmin>
			<ymin>538</ymin>
			<xmax>343</xmax>
			<ymax>624</ymax>
		</bndbox>
	</object>
	<object>
		<name>EnemyMinion</name>
		<pose>Unspecified</pose>
		<truncated>0</truncated>
		<difficult>0</difficult>
		<bndbox>
			<xmin>295</xmin>
			<ymin>473</ymin>
			<xmax>377</xmax>
			<ymax>572</ymax>
		</bndbox>
	</object>
	<object>
		<name>EnemyMinion</name>
		<pose>Unspecified</pose>
		<truncated>0</truncated>
		<difficult>0</difficult>
		<bndbox>
			<xmin>790</xmin>
			<ymin>281</ymin>
			<xmax>881</xmax>
			<ymax>381</ymax>
		</bndbox>
	</object>
</annotation>