<annotation>
	<folder>Tower2</folder>
	<filename>7.jpg</filename>
	<path>/home/oli/Workspace/LeagueAI/Tower2/0008.jpg</path>
	<source>
		<database>Unknown</database>
	</source>
	<size>
		<width>1280</width>
		<height>1024</height>
		<depth>3</depth>
	</size>
	<segmented>0</segmented>
	<object>
		<name>Vayne</name>
		<pose>Unspecified</pose>
		<truncated>0</truncated>
		<difficult>0</difficult>
		<bndbox>
			<xmin>589</xmin>
			<ymin>239</ymin>
			<xmax>695</xmax>
			<ymax>367</ymax>
		</bndbox>
	</object>
	<object>
		<name>Tower</name>
		<pose>Unspecified</pose>
		<truncated>0</truncated>
		<difficult>0</difficult>
		<bndbox>
			<xmin>859</xmin>
			<ymin>169</ymin>
			<xmax>1096</xmax>
			<ymax>545</ymax>
		</bndbox>
	</object>
</annotation>