<annotation>
	<folder>EnemyMinion</folder>
	<filename>72.jpg</filename>
	<path>/home/oli/Workspace/LeagueAI/EnemyMinion/049.jpg</path>
	<source>
		<database>Unknown</database>
	</source>
	<size>
		<width>1280</width>
		<height>1024</height>
		<depth>3</depth>
	</size>
	<segmented>0</segmented>
	<object>
		<name>EnemyMinion</name>
		<pose>Unspecified</pose>
		<truncated>0</truncated>
		<difficult>0</difficult>
		<bndbox>
			<xmin>647</xmin>
			<ymin>487</ymin>
			<xmax>735</xmax>
			<ymax>573</ymax>
		</bndbox>
	</object>
	<object>
		<name>EnemyMinion</name>
		<pose>Unspecified</pose>
		<truncated>0</truncated>
		<difficult>0</difficult>
		<bndbox>
			<xmin>521</xmin>
			<ymin>638</ymin>
			<xmax>621</xmax>
			<ymax>726</ymax>
		</bndbox>
	</object>
	<object>
		<name>EnemyMinion</name>
		<pose>Unspecified</pose>
		<truncated>0</truncated>
		<difficult>0</difficult>
		<bndbox>
			<xmin>399</xmin>
			<ymin>769</ymin>
			<xmax>496</xmax>
			<ymax>842</ymax>
		</bndbox>
	</object>
</annotation>