<annotation>
	<folder>EnemyMinion</folder>
	<filename>76.jpg</filename>
	<path>/home/oli/Workspace/LeagueAI/EnemyMinion/053.jpg</path>
	<source>
		<database>Unknown</database>
	</source>
	<size>
		<width>1280</width>
		<height>1024</height>
		<depth>3</depth>
	</size>
	<segmented>0</segmented>
	<object>
		<name>EnemyMinion</name>
		<pose>Unspecified</pose>
		<truncated>0</truncated>
		<difficult>0</difficult>
		<bndbox>
			<xmin>729</xmin>
			<ymin>376</ymin>
			<xmax>811</xmax>
			<ymax>460</ymax>
		</bndbox>
	</object>
	<object>
		<name>EnemyMinion</name>
		<pose>Unspecified</pose>
		<truncated>0</truncated>
		<difficult>0</difficult>
		<bndbox>
			<xmin>702</xmin>
			<ymin>308</ymin>
			<xmax>784</xmax>
			<ymax>396</ymax>
		</bndbox>
	</object>
	<object>
		<name>EnemyMinion</name>
		<pose>Unspecified</pose>
		<truncated>0</truncated>
		<difficult>0</difficult>
		<bndbox>
			<xmin>687</xmin>
			<ymin>255</ymin>
			<xmax>762</xmax>
			<ymax>338</ymax>
		</bndbox>
	</object>
</annotation>